,Rnd,Pick,Tm,Player,Pos,Age,To,AP1,PB,St,wAV,DrAV,G,Cmp,Att,Yds,TD,Int,Att.1,Yds.1,TD.1,Rec,Yds.2,TD.2,Solo,Int.1,Sk,College/Univ,Unnamed: 28
0,1,1,JAX,Travon Walker,DE,21,2023,0,0,1,14,14,32,0,0,0,0,0,0,0,0,0,0,0,51,1,13.5,Georgia,College Stats
1,1,2,DET,Aidan Hutchinson,DE,22,2023,0,1,1,18,18,34,0,0,0,0,0,0,0,0,0,0,0,70,4,21.0,Michigan,College Stats
2,1,3,HOU,Derek Stingley Jr.,CB,21,2023,0,0,1,8,8,20,0,0,0,0,0,0,0,0,0,0,0,63,6,1.0,LSU,College Stats
3,1,4,NYJ,Sauce Gardner,CB,22,2023,2,2,1,26,26,33,0,0,0,0,0,0,0,0,0,0,0,92,2,,Cincinnati,College Stats
4,1,5,NYG,Kayvon Thibodeaux,DE,21,2023,0,0,1,16,16,31,0,0,0,0,0,0,0,0,0,0,0,59,,15.5,Oregon,College Stats
5,1,6,CAR,Ikem Ekwonu,T,21,2023,0,0,1,13,13,34,0,0,0,0,0,0,0,0,0,0,0,,,,North Carolina St.,College Stats
6,1,7,NYG,Evan Neal,OL,21,2023,0,0,1,8,8,20,0,0,0,0,0,0,0,0,0,0,0,1,,,Alabama,College Stats
7,1,8,ATL,Drake London,WR,21,2023,0,0,1,16,16,33,1,1,22,0,0,0,0,0,141,1771,6,2,,,USC,College Stats
8,1,9,SEA,Charles Cross,OL,21,2023,0,0,1,16,16,31,0,0,0,0,0,0,0,0,0,0,0,,,,Mississippi St.,College Stats
9,1,10,NYJ,Garrett Wilson,WR,22,2023,0,0,1,15,15,34,0,2,0,0,0,8,4,0,178,2145,7,1,,,Ohio St.,College Stats
10,1,11,NOR,Chris Olave,WR,22,2023,0,0,1,18,18,31,0,0,0,0,0,0,0,0,159,2165,9,3,,,Ohio St.,College Stats
11,1,12,DET,Jameson Williams,WR,21,2023,0,0,0,5,5,18,0,0,0,0,0,4,69,1,25,395,3,,,,Alabama,College Stats
12,1,13,PHI,Jordan Davis,DT,22,2023,0,0,0,9,9,30,0,0,0,0,0,0,0,0,0,0,0,26,,2.5,Georgia,College Stats
13,1,14,BAL,Kyle Hamilton,S,21,2023,1,1,0,15,15,31,0,0,0,0,0,0,0,0,0,0,0,109,4,5.0,Notre Dame,College Stats
14,1,15,HOU,Kenyon Green,OL,21,2022,0,0,1,5,5,15,0,0,0,0,0,0,0,0,0,0,0,,,,Texas A&M,College Stats
15,1,16,WAS,Jahan Dotson,WR,22,2023,0,0,1,8,8,29,0,0,0,0,0,2,-7,0,84,1041,11,2,,,Penn St.,College Stats
16,1,17,LAC,Zion Johnson,G,22,2023,0,0,1,14,14,32,0,0,0,0,0,0,0,0,0,0,0,,,,Boston Col.,College Stats
17,1,18,TEN,Treylon Burks,WR,22,2023,0,0,0,6,6,22,0,0,0,0,0,9,65,0,49,665,1,,,,Arkansas,College Stats
18,1,19,NOR,Trevor Penning,T,23,2023,0,0,0,4,4,23,0,0,0,0,0,0,0,0,0,0,0,,,,Northern Iowa,
19,1,20,PIT,Kenny Pickett,QB,24,2023,0,0,1,13,13,25,446,713,4474,13,13,97,291,4,0,0,0,2,,,Pittsburgh,College Stats
20,1,21,KAN,Trent McDuffie,CB,21,2023,1,0,1,18,18,27,0,0,0,0,0,0,0,0,0,0,0,88,,4.0,Washington,College Stats
21,1,22,GNB,Quay Walker,LB,22,2023,0,0,1,13,13,31,0,0,0,0,0,0,0,0,0,0,0,134,1,4.0,Georgia,College Stats
22,1,23,BUF,Kaiir Elam,CB,21,2023,0,0,0,4,4,16,0,0,0,0,0,0,0,0,0,0,0,39,2,,Florida,College Stats
23,1,24,DAL,Tyler Smith,OL,21,2023,0,1,1,19,19,31,0,0,0,0,0,0,0,0,0,0,0,1,,,Tulsa,College Stats
24,1,25,BAL,Tyler Linderbaum,OL,22,2023,0,1,1,16,16,32,0,0,0,0,0,0,0,0,0,0,0,,,,Iowa,College Stats
25,1,26,NYJ,Jermaine Johnson II,LB,23,2023,0,1,0,13,13,31,0,0,0,0,0,0,0,0,0,0,0,54,1,10.0,Florida St.,College Stats
26,1,27,JAX,Devin Lloyd,LB,23,2023,0,0,1,15,15,32,0,0,0,0,0,0,0,0,0,0,0,134,3,,Utah,College Stats
27,1,28,GNB,Devonte Wyatt,DT,24,2023,0,0,0,4,4,33,0,0,0,0,0,0,0,0,0,0,0,26,,7.0,Georgia,College Stats
28,1,29,NWE,Cole Strange,OL,24,2023,0,0,1,10,10,27,0,0,0,0,0,0,0,0,0,3,0,1,,,Chattanooga,
29,1,30,KAN,George Karlaftis III,DE,21,2023,0,0,1,15,15,33,0,0,0,0,0,0,0,0,0,0,0,47,,16.5,Purdue,College Stats
30,1,31,CIN,Daxton Hill,DB,21,2023,0,0,0,8,8,32,0,0,0,0,0,0,0,0,0,0,0,83,2,1.5,Michigan,College Stats
31,1,32,MIN,Lewis Cine,DB,22,2023,0,0,0,0,0,10,0,0,0,0,0,0,0,0,0,0,0,,,,Georgia,College Stats
32,Rnd,Pick,Tm,Player,Pos,Age,To,AP1,PB,St,wAV,DrAV,G,Cmp,Att,Yds,TD,Int,Att,Yds,TD,Rec,Yds,TD,Solo,Int,Sk,College/Univ,
33,2,33,TAM,Logan Hall,DE,22,2023,0,0,0,8,8,33,0,0,0,0,0,0,0,0,0,0,0,18,,3.0,Houston,College Stats
34,2,34,GNB,Christian Watson,WR,23,2023,0,0,1,11,11,23,0,0,0,0,0,11,91,2,69,1033,12,,,,North Dakota St.,
35,2,35,TEN,Roger McCreary,CB,22,2023,0,0,1,10,10,32,0,0,0,0,0,0,0,0,0,0,0,132,2,2.0,Auburn,College Stats
36,2,36,NYJ,Breece Hall,RB,21,2023,0,0,0,12,12,24,0,0,0,0,0,303,1457,9,95,809,5,1,,,Iowa St.,College Stats
37,2,37,HOU,Jalen Pitre,S,23,2023,0,0,1,13,13,32,0,0,0,0,0,0,0,0,0,0,0,157,5,1.0,Baylor,College Stats
38,2,38,ATL,Arnold Ebiketie,DE,23,2023,0,0,0,6,6,33,0,0,0,0,0,0,0,0,0,0,0,37,,8.5,Penn St.,College Stats
39,2,39,CHI,Kyler Gordon,CB,22,2023,0,0,1,7,7,27,0,0,0,0,0,0,0,0,0,0,0,99,5,1.0,Washington,College Stats
40,2,40,SEA,Boye Mafe,DE,23,2023,0,0,0,8,8,33,0,0,0,0,0,0,0,0,0,0,0,63,,12.0,Minnesota,College Stats
41,2,41,SEA,Kenneth Walker III,RB,21,2023,0,0,1,16,16,30,0,0,0,0,0,447,1955,17,56,424,1,1,,,Michigan St.,College Stats
42,2,42,MIN,Andrew Booth,CB,21,2023,0,0,0,2,2,23,0,0,0,0,0,0,0,0,0,0,0,19,,,Clemson,College Stats
43,2,43,NYG,Wan'Dale Robinson,WR,21,2023,0,0,0,6,6,21,0,0,0,0,0,11,86,1,83,752,2,,,,Kentucky,College Stats
44,2,44,HOU,John Metchie,WR,22,2023,0,0,0,1,1,16,0,0,0,0,0,1,4,0,16,158,0,,,,Alabama,College Stats
45,2,45,BAL,David Ojabo,LB,22,2023,0,0,0,1,1,5,0,0,0,0,0,0,0,0,0,0,0,6,,2.0,Michigan,College Stats
46,2,46,DET,Josh Paschal,DE,22,2023,0,0,0,4,4,22,0,0,0,0,0,0,0,0,0,0,0,27,,3.0,Kentucky,College Stats
47,2,47,WAS,Phidarian Mathis,DT,24,2023,0,0,0,1,1,11,0,0,0,0,0,0,0,0,0,0,0,2,,,Alabama,College Stats
48,2,48,CHI,Jaquan Brisker,S,23,2023,0,0,1,9,9,30,0,0,0,0,0,0,0,0,0,0,0,139,2,5.0,Penn St.,College Stats
49,2,49,NOR,Alontae Taylor,DB,23,2023,0,0,1,9,9,30,0,0,0,0,0,0,0,0,0,0,0,95,2,1.0,Tennessee,College Stats
50,2,50,NWE,Tyquan Thornton,WR,22,2023,0,0,1,3,3,22,0,0,0,0,0,6,67,1,35,338,2,2,,,Baylor,College Stats
51,2,51,PHI,Cam Jurgens,OL,23,2023,0,0,0,5,5,28,0,0,0,0,0,0,0,0,0,0,0,,,,Nebraska,College Stats
52,2,52,PIT,George Pickens,WR,21,2023,0,0,1,17,17,34,0,0,0,0,0,6,42,1,115,1941,9,1,,,Georgia,College Stats
53,2,53,IND,Alec Pierce,WR,22,2023,0,0,1,9,9,33,0,0,0,0,0,0,0,0,73,1107,4,,,,Cincinnati,College Stats
54,2,54,KAN,Skyy Moore,WR,21,2023,0,0,0,4,4,30,0,0,0,0,0,6,47,0,43,494,1,1,,,Western Michigan,College Stats
55,2,55,ARI,Trey McBride,TE,22,2023,0,0,1,10,10,33,0,0,0,0,0,0,0,0,110,1090,4,7,,,Colorado St.,College Stats
56,2,56,DAL,Sam Williams,DE,23,2023,0,0,0,4,4,32,0,0,0,0,0,0,0,0,0,0,0,30,,8.5,Mississippi,College Stats
57,2,57,TAM,Luke Goedeke,OL,23,2023,0,0,0,11,11,28,0,0,0,0,0,0,0,0,0,0,0,1,,,Central Michigan,College Stats
58,2,58,ATL,Troy Andersen,LB,23,2023,0,0,0,4,4,19,0,0,0,0,0,0,0,0,0,0,0,47,,0.5,Montana St.,
59,2,59,MIN,Ed Ingram,G,23,2023,0,0,1,13,13,32,0,0,0,0,0,0,0,0,0,0,0,1,,,LSU,College Stats
60,2,60,CIN,Cam Taylor-Britt,CB,22,2023,0,0,1,9,9,22,0,0,0,0,0,0,0,0,0,0,0,81,4,,Nebraska,College Stats
61,2,61,SFO,Drake Jackson,OLB,21,2023,0,0,0,3,3,23,0,0,0,0,0,0,0,0,0,0,0,12,1,6.0,USC,College Stats
62,2,62,KAN,Bryan Cook,S,23,2023,0,0,0,6,6,28,0,0,0,0,0,0,0,0,0,0,0,48,1,1.0,Cincinnati,College Stats
63,2,63,BUF,James Cook,RB,22,2023,0,1,0,18,18,33,0,0,0,0,0,326,1629,4,65,625,5,1,,,Georgia,College Stats
64,2,64,DEN,Nik Bonitto,OLB,22,2023,0,0,0,5,5,30,0,0,0,0,0,0,0,0,0,0,0,29,,9.5,Oklahoma,College Stats
65,Rnd,Pick,Tm,Player,Pos,Age,To,AP1,PB,St,wAV,DrAV,G,Cmp,Att,Yds,TD,Int,Att,Yds,TD,Rec,Yds,TD,Solo,Int,Sk,College/Univ,
66,3,65,JAX,Luke Fortner,G,24,2023,0,0,1,16,16,34,0,0,0,0,0,0,0,0,0,0,0,,,,Kentucky,College Stats
67,3,66,MIN,Brian Asamoah,LB,22,2023,0,0,0,2,2,29,0,0,0,0,0,0,0,0,0,0,0,13,,,Oklahoma,College Stats
68,3,67,NYG,Joshua Ezeudu,OL,22,2023,0,0,0,3,3,16,0,0,0,0,0,0,0,0,0,0,0,,,,North Carolina,College Stats
69,3,68,CLE,Martin Emerson,CB,21,2023,0,0,0,8,8,33,0,0,0,0,0,0,0,0,0,0,0,96,4,1.0,Mississippi St.,College Stats
70,3,69,TEN,Nicholas Petit-Frere,T,22,2023,0,0,1,7,7,19,0,0,0,0,0,0,0,0,0,0,0,1,,,Ohio St.,College Stats
71,3,70,JAX,Chad Muma,LB,23,2023,0,0,0,4,4,33,0,0,0,0,0,0,0,0,0,0,0,36,,1.5,Wyoming,College Stats
72,3,71,CHI,Velus Jones Jr.,WR,25,2023,0,0,0,3,3,26,0,0,0,0,0,17,154,1,11,127,1,1,,,Tennessee,College Stats
73,3,72,SEA,Abraham Lucas,OL,23,2023,0,0,1,12,12,22,0,0,0,0,0,0,0,0,0,0,0,1,,,Washington St.,College Stats
74,3,73,IND,Jelani Woods,TE,23,2022,0,0,0,2,2,15,0,0,0,0,0,0,0,0,25,312,3,1,,,Virginia,College Stats
75,3,74,ATL,Desmond Ridder,QB,23,2023,0,0,0,12,12,19,322,503,3544,14,12,69,257,5,1,-6,0,,,,Cincinnati,College Stats
76,3,75,HOU,Christian Harris,LB,21,2023,0,0,1,12,12,28,0,0,0,0,0,0,0,0,0,0,0,111,1,3.0,Alabama,College Stats
77,3,76,BAL,Travis Jones,DT,22,2023,0,0,0,3,3,32,0,0,0,0,0,0,0,0,0,0,0,34,,2.5,Connecticut,College Stats
78,3,77,IND,Bernhard Raimann,OL,24,2023,0,0,1,12,12,31,0,0,0,0,0,0,0,0,0,0,0,,,,Central Michigan,College Stats
79,3,78,CLE,Alex Wright,DE,22,2023,0,0,0,6,6,33,0,0,0,0,0,0,0,0,0,0,0,29,,5.0,Ala-Birmingham,College Stats
80,3,79,LAC,JT Woods,S,22,2023,0,0,0,1,1,13,0,0,0,0,0,0,0,0,0,0,0,7,,,Baylor,College Stats
81,3,80,DEN,Greg Dulcich,TE,22,2023,0,0,0,3,3,12,0,0,0,0,0,0,0,0,36,436,2,,,,UCLA,College Stats
82,3,81,NYG,Cordale Flott,CB,21,2023,0,0,0,5,5,25,0,0,0,0,0,0,0,0,0,0,0,40,1,,LSU,College Stats
83,3,82,ATL,DeAngelo Malone,DE,23,2023,0,0,0,2,2,32,0,0,0,0,0,0,0,0,0,0,0,22,,1.0,Western Kentucky,College Stats
84,3,83,PHI,Nakobe Dean,LB,21,2023,0,0,0,2,2,22,0,0,0,0,0,0,0,0,0,0,0,31,,0.5,Georgia,College Stats
85,3,84,PIT,DeMarvin Leal,DT,22,2023,0,0,0,4,4,23,0,0,0,0,0,0,0,0,0,0,0,18,,1.0,Texas A&M,College Stats
86,3,85,NWE,Marcus Jones,CB,23,2023,1,0,0,11,11,17,0,0,0,0,0,0,0,0,4,78,1,38,2,,Houston,College Stats
87,3,86,TEN,Malik Willis,QB,23,2023,0,0,0,1,1,11,35,66,350,0,3,32,144,1,0,0,0,1,,,Liberty,College Stats
88,3,87,ARI,Cameron Thomas,DE,22,2023,0,0,0,3,3,32,0,0,0,0,0,0,0,0,0,0,0,20,,3.0,San Diego St.,College Stats
89,3,88,DAL,Jalen Tolbert,WR,23,2023,0,0,0,3,3,25,0,0,0,0,0,0,0,0,24,280,2,4,,,South Alabama,College Stats
90,3,89,BUF,Terrel Bernard,LB,23,2023,0,0,0,13,13,33,0,0,0,0,0,0,0,0,0,0,0,95,3,6.5,Baylor,College Stats
91,3,90,LVR,Dylan Parham,OL,23,2023,0,0,1,13,13,34,0,0,0,0,0,0,0,0,0,0,0,1,,,Memphis,College Stats
92,3,91,TAM,Rachaad White,RB,23,2023,0,0,0,14,14,34,0,0,0,0,0,401,1471,7,114,839,5,4,,,Arizona St.,College Stats
93,3,92,GNB,Sean Rhyan,OL,23,2023,0,0,0,1,1,13,0,0,0,0,0,0,0,0,0,0,0,,,,UCLA,College Stats
94,3,93,SFO,Tyrion Davis-Price,RB,21,2023,0,0,0,1,1,7,0,0,0,0,0,40,120,0,0,0,0,,,,LSU,College Stats
95,3,94,CAR,Matt Corral,QB,23,,0,0,0,,,,,,,,,,,,,,,,,,Mississippi,College Stats
96,3,95,CIN,Zachary Carter,DE,23,2023,0,0,1,8,8,33,0,0,0,0,0,0,0,0,0,0,0,18,,0.5,Florida,College Stats
97,3,96,IND,Nick Cross,DB,20,2023,0,0,0,4,4,33,0,0,0,0,0,0,0,0,0,0,0,35,1,,Maryland,College Stats
98,3,97,DET,Kerby Joseph,DB,21,2023,0,0,1,10,10,32,0,0,0,0,0,0,0,0,0,0,0,124,8,,Illinois,College Stats
99,3,98,WAS,Brian Robinson Jr.,RB,23,2023,0,0,1,10,10,27,0,0,0,0,0,383,1530,7,45,428,5,1,,,Alabama,College Stats
100,3,99,CLE,David Bell,WR,21,2023,0,0,0,3,3,31,0,0,0,0,0,0,0,0,38,381,3,1,,,Purdue,College Stats
101,3,100,ARI,Myjai Sanders,DE,24,2023,0,0,0,3,2,20,0,0,0,0,0,0,0,0,0,0,0,21,,3.0,Cincinnati,College Stats
102,3,101,NYJ,Jeremy Ruckert,TE,22,2023,0,0,0,1,1,24,0,0,0,0,0,0,0,0,17,159,0,1,,,Ohio St.,College Stats
103,3,102,MIA,Channing Tindall,LB,22,2023,0,0,0,2,2,33,0,0,0,0,0,0,0,0,0,0,0,4,,,Georgia,College Stats
104,3,103,KAN,Leo Chenal,LB,21,2023,0,0,0,9,9,34,0,0,0,0,0,0,0,0,0,0,0,59,,4.0,Wisconsin,College Stats
105,3,104,LAR,Logan Bruss,OL,22,,0,0,0,,,,,,,,,,,,,,,,,,Wisconsin,College Stats
106,3,105,SFO,Danny Gray,WR,23,2022,0,0,0,0,0,13,0,0,0,0,0,1,9,0,1,10,0,,,,SMU,College Stats
107,Rnd,Pick,Tm,Player,Pos,Age,To,AP1,PB,St,wAV,DrAV,G,Cmp,Att,Yds,TD,Int,Att,Yds,TD,Rec,Yds,TD,Solo,Int,Sk,College/Univ,
108,4,106,TAM,Cade Otton,TE,23,2023,0,0,1,7,7,33,0,0,0,0,0,0,0,0,89,846,6,5,,,Washington,College Stats
109,4,107,HOU,Dameon Pierce,RB,22,2023,0,0,1,10,10,27,0,0,0,0,0,365,1355,6,43,266,1,1,,,Florida,College Stats
110,4,108,CLE,Perrion Winfrey,DT,22,2023,0,0,0,1,1,14,0,0,0,0,0,0,0,0,0,0,0,9,,0.5,Oklahoma,College Stats
111,4,109,SEA,Coby Bryant,CB,23,2023,0,0,0,3,3,26,0,0,0,0,0,0,0,0,0,0,0,66,,2.0,Cincinnati,College Stats
112,4,110,BAL,Daniel Faalele,T,22,2023,0,0,0,3,3,32,0,0,0,0,0,0,0,0,0,0,0,,,,Minnesota,College Stats
113,4,111,NYJ,Max Mitchell,T,22,2023,0,0,0,4,4,20,0,0,0,0,0,0,0,0,0,0,0,,,,Louisiana,College Stats
114,4,112,NYG,Daniel Bellinger,TE,21,2023,0,0,1,5,5,29,0,0,0,0,0,1,2,1,55,523,2,,,,San Diego St.,College Stats
115,4,113,WAS,Percy Butler,S,22,2023,0,0,0,4,4,30,0,0,0,0,0,0,0,0,0,0,0,44,,,Louisiana,College Stats
116,4,114,NYG,Dane Belton,DB,21,2023,0,0,0,5,5,32,0,0,0,0,0,0,0,0,0,0,0,46,4,1.0,Iowa,College Stats
117,4,115,DEN,Damarri Mathis,DB,23,2023,0,0,1,6,6,33,0,0,0,0,0,0,0,0,0,0,0,80,,,Pittsburgh,College Stats
118,4,116,DEN,Eyioma Uwazurike,DE,24,2022,0,0,0,1,1,8,0,0,0,0,0,0,0,0,0,0,0,11,,,Iowa St.,College Stats
119,4,117,NYJ,Micheal Clemons,DT,25,2023,0,0,0,3,3,32,0,0,0,0,0,0,0,0,0,0,0,36,,3.0,Texas A&M,College Stats
120,4,118,MIN,Akayleb Evans,DB,23,2023,0,0,0,6,6,25,0,0,0,0,0,0,0,0,0,0,0,68,1,,Missouri,College Stats
121,4,119,BAL,Jalyn Armour-Davis,DB,23,2023,0,0,0,1,1,12,0,0,0,0,0,0,0,0,0,0,0,6,,,Alabama,College Stats
122,4,120,CAR,Brandon Smith,LB,21,2023,0,0,0,1,1,14,0,0,0,0,0,0,0,0,0,0,0,6,,,Penn St.,College Stats
123,4,121,NWE,Jack Jones,DB,24,2023,0,0,0,4,2,25,0,0,0,0,0,0,0,0,0,0,0,53,4,,Arizona St.,College Stats
124,4,122,LVR,Zamir White,RB,22,2023,0,0,0,4,4,31,0,0,0,0,0,121,521,1,15,98,0,1,,,Georgia,College Stats
125,4,123,LAC,Isaiah Spiller,RB,21,2023,0,0,0,1,1,15,0,0,0,0,0,55,137,0,9,47,0,,,,Texas A&M,College Stats
126,4,124,CLE,Cade York,K,21,2022,0,0,1,1,1,17,0,0,0,0,0,0,0,0,0,0,0,1,,,LSU,College Stats
127,4,125,MIA,Erik Ezukanma,WR,22,2023,0,0,0,0,0,3,0,0,0,0,0,5,22,0,1,3,0,,,,Texas Tech,College Stats
128,4,126,LVR,Neil Farrell,DT,23,2023,0,0,0,1,1,12,0,0,0,0,0,0,0,0,0,0,0,4,,,LSU,College Stats
129,4,127,NWE,Pierre Strong,RB,23,2023,0,0,0,3,1,32,0,0,0,0,0,73,391,2,12,89,0,11,,,South Dakota St.,
130,4,128,BAL,Charlie Kolar,TE,23,2023,0,0,0,1,1,17,0,0,0,0,0,0,0,0,11,136,1,3,,,Iowa St.,College Stats
131,4,129,DAL,Jake Ferguson,TE,23,2023,0,1,0,11,11,33,0,0,0,0,0,0,0,0,90,935,7,1,,,Wisconsin,College Stats
132,4,130,BAL,Jordan Stout,P,24,2023,0,0,1,4,4,34,0,0,0,0,0,0,0,0,0,0,0,2,,,Penn St.,College Stats
133,4,131,TEN,Hassan Haskins,RB,22,2022,0,0,0,1,1,15,0,0,0,0,0,25,93,0,11,57,0,9,,,Michigan,College Stats
134,4,132,GNB,Romeo Doubs,WR,22,2023,0,0,0,11,11,30,0,0,0,0,0,1,11,0,101,1099,11,,,,Nevada,College Stats
135,4,133,TAM,Jake Camarda,P,23,2023,0,0,1,7,7,34,0,0,0,0,0,0,0,0,0,0,0,6,,,Georgia,College Stats
136,4,134,SFO,Spencer Burford,OL,23,2023,0,0,1,13,13,30,0,0,0,0,0,0,0,0,0,0,0,1,,,Texas-San Antonio,College Stats
137,4,135,KAN,Joshua Williams,CB,22,2023,0,0,0,3,3,33,0,0,0,0,0,0,0,0,0,0,0,43,1,,Fayetteville St.,
138,4,136,CIN,Cordell Volson,T,24,2023,0,0,1,16,16,33,0,0,0,0,0,0,0,0,0,0,0,,,,North Dakota St.,
139,4,137,NWE,Bailey Zappe,QB,23,2023,0,0,0,2,2,14,192,304,2053,11,12,27,83,1,1,-6,0,,,,Western Kentucky,College Stats
140,4,138,PIT,Calvin Austin,WR,23,2023,0,0,0,2,2,17,0,0,0,0,0,11,57,1,17,180,1,,,,Memphis,College Stats
141,4,139,BAL,Isaiah Likely,TE,22,2023,0,0,0,8,8,33,0,0,0,0,0,0,0,0,66,784,8,3,,,Coastal Carolina,College Stats
142,4,140,GNB,Zach Tom,OL,23,2023,0,0,0,12,12,26,0,0,0,0,0,0,0,0,0,0,0,1,,,Wake Forest,College Stats
143,4,141,BAL,Damarion Williams,CB,24,2023,0,0,0,1,1,15,0,0,0,0,0,0,0,0,0,0,0,15,,,Houston,College Stats
144,4,142,LAR,Cobie Durant,DB,24,2023,0,0,0,5,5,29,0,0,0,0,0,0,0,0,0,0,0,38,3,1.0,South Carolina St.,
145,4,143,TEN,Chigoziem Okonkwo,TE,22,2023,0,0,0,9,9,34,0,0,0,0,0,5,8,0,86,978,4,5,,,Maryland,College Stats
146,Rnd,Pick,Tm,Player,Pos,Age,To,AP1,PB,St,wAV,DrAV,G,Cmp,Att,Yds,TD,Int,Att,Yds,TD,Rec,Yds,TD,Solo,Int,Sk,College/Univ,
147,5,144,WAS,Sam Howell,QB,21,2023,0,0,0,12,12,18,399,631,4115,22,22,53,298,6,1,4,0,,,,North Carolina,College Stats
148,5,145,KAN,Darian Kinnard,T,22,2022,0,0,0,0,0,1,0,0,0,0,0,0,0,0,0,0,0,,,,Kentucky,College Stats
149,5,146,NYG,Micah McFadden,LB,22,2023,0,0,0,12,12,33,0,0,0,0,0,0,0,0,0,0,0,99,1,3.0,Indiana,College Stats
150,5,147,NYG,D.J. Davidson,DT,24,2023,0,0,0,2,2,20,0,0,0,0,0,0,0,0,0,0,0,8,,0.5,Arizona St.,College Stats
151,5,148,BUF,Khalil Shakir,WR,22,2023,0,0,0,8,8,31,0,0,0,0,0,1,10,0,49,772,3,1,,,Boise St.,College Stats
152,5,149,WAS,Cole Turner,TE,22,2023,0,0,0,1,1,22,0,0,0,0,0,0,0,0,13,143,0,1,,,Nevada,College Stats
153,5,150,HOU,Thomas Booker,DE,22,2022,0,0,0,1,1,10,0,0,0,0,0,0,0,0,0,0,0,11,,0.5,Stanford,College Stats
154,5,151,ATL,Tyler Allgeier,RB,22,2023,0,0,0,13,13,33,0,0,0,0,0,396,1718,7,34,332,2,2,,,BYU,College Stats
155,5,152,DEN,Delarrin Turner-Yell,S,22,2023,0,0,0,2,2,30,0,0,0,0,0,0,0,0,0,0,0,32,,,Oklahoma,College Stats
156,5,153,SEA,Riq Woolen,CB,23,2023,0,1,1,14,14,33,0,0,0,0,0,0,0,0,0,0,0,88,8,,Texas-San Antonio,College Stats
157,5,154,JAX,Snoop Conner,RB,22,2022,0,0,0,0,0,8,0,0,0,0,0,12,42,1,0,0,0,1,,,Mississippi,College Stats
158,5,155,DAL,Matt Waletzko,OL,22,2023,0,0,0,0,0,4,0,0,0,0,0,0,0,0,0,0,0,,,,North Dakota,
159,5,156,CLE,Jerome Ford,RB,22,2023,0,0,0,6,6,30,0,0,0,0,0,212,825,4,44,319,5,1,,,Cincinnati,College Stats
160,5,157,TAM,Zyon McCollum,DB,23,2023,0,0,0,6,6,30,0,0,0,0,0,0,0,0,0,0,0,67,,,Sam Houston St.,
161,5,158,SEA,Tyreke Smith,DE,22,2023,0,0,0,0,0,3,0,0,0,0,0,0,0,0,0,0,0,,,,Ohio St.,College Stats
162,5,159,IND,Eric Johnson,DT,24,2023,0,0,0,2,2,28,0,0,0,0,0,0,0,0,0,0,0,7,,1.0,Missouri State,
163,5,160,LAC,Otito Ogbonnia,DT,20,2023,0,0,0,2,2,15,0,0,0,0,0,0,0,0,0,0,0,23,,,UCLA,College Stats
164,5,161,NOR,D'Marco Jackson,LB,24,2023,0,0,0,2,2,17,0,0,0,0,0,0,0,0,0,0,0,3,,,Appalachian St.,College Stats
165,5,162,DEN,Montrell Washington,WR,23,2023,0,0,0,0,0,21,0,0,0,0,0,5,30,0,4,2,0,,,,Samford,
166,5,163,TEN,Kyle Philips,WR,23,2023,0,0,0,3,3,13,0,0,0,0,0,0,0,0,23,259,0,,,,UCLA,College Stats
167,5,164,LAR,Kyren Williams,RB,22,2023,0,1,0,12,12,22,0,0,0,0,0,263,1283,12,41,282,3,2,,,Notre Dame,College Stats
168,5,165,MIN,Esezi Otomewo,DT,23,2022,0,0,0,0,0,5,0,0,0,0,0,0,0,0,0,0,0,3,,,Minnesota,College Stats
169,5,166,CIN,Tycen Anderson,S,23,2023,0,0,0,0,0,7,0,0,0,0,0,0,0,0,0,0,0,5,,,Toledo,College Stats
170,5,167,DAL,DaRon Bland,DB,23,2023,1,1,0,17,17,34,0,0,0,0,0,0,0,0,0,0,0,91,14,,Fresno St.,College Stats
171,5,168,CHI,Braxton Jones,OL,23,2023,0,0,1,13,13,28,0,0,0,0,0,0,0,0,0,0,0,1,,,Southern Utah,
172,5,169,MIN,Ty Chandler,RB,24,2023,0,0,0,4,4,20,0,0,0,0,0,108,481,3,21,159,0,,,,North Carolina,College Stats
173,5,170,HOU,Teagan Quitoriano,TE,22,2023,0,0,0,1,1,16,0,0,0,0,0,0,0,0,9,146,2,2,,,Oregon St.,College Stats
174,5,171,DEN,Luke Wattenberg,OL,24,2023,0,0,0,2,2,23,0,0,0,0,0,0,0,0,0,0,0,,,,Washington,College Stats
175,5,172,SFO,Samuel Womack,CB,23,2023,0,0,0,2,2,23,0,0,0,0,0,0,0,0,0,0,0,19,1,,Toledo,College Stats
176,5,173,NYG,Marcus McKethan,OL,23,2023,0,0,0,2,2,16,0,0,0,0,0,0,0,0,0,0,0,,,,North Carolina,College Stats
177,5,174,CHI,Dominique Robinson,DE,24,2023,0,0,0,4,4,28,0,0,0,0,0,0,0,0,0,0,0,24,,2.0,Miami (OH),College Stats
178,5,175,LVR,Matthew Butler,DT,23,2023,0,0,0,0,0,8,0,0,0,0,0,0,0,0,0,0,0,1,,0.5,Tennessee,College Stats
179,5,176,DAL,Damone Clark,LB,22,2023,0,0,0,11,11,27,0,0,0,0,0,0,0,0,0,0,0,99,,,LSU,College Stats
180,5,177,DET,James Mitchell,TE,23,2023,0,0,0,1,1,29,0,0,0,0,0,0,0,0,13,141,1,,,,Virginia Tech,College Stats
181,5,178,DAL,John Ridgeway,DT,23,2023,0,0,0,5,,32,0,0,0,0,0,0,0,0,0,0,0,25,,,Arkansas,College Stats
182,5,179,GNB,Kingsley Enagbare,DE,22,2023,0,0,0,7,7,34,0,0,0,0,0,0,0,0,0,0,0,45,,5.0,South Carolina,College Stats
183,Rnd,Pick,Tm,Player,Pos,Age,To,AP1,PB,St,wAV,DrAV,G,Cmp,Att,Yds,TD,Int,Att,Yds,TD,Rec,Yds,TD,Solo,Int,Sk,College/Univ,
184,6,180,BUF,Matt Araiza,P,22,,0,0,0,,,,,,,,,,,,,,,,,,San Diego St.,College Stats
185,6,181,PHI,Kyron Johnson,DE,24,2023,0,0,0,1,1,22,0,0,0,0,0,0,0,0,0,0,0,6,,,Kansas,College Stats
186,6,182,NYG,Darrian Beavers,LB,23,2023,0,0,0,0,0,2,0,0,0,0,0,0,0,0,0,0,0,,,,Cincinnati,College Stats
187,6,183,NWE,Kevin Harris,RB,21,2023,0,0,0,1,1,9,0,0,0,0,0,34,117,2,3,58,0,,,,South Carolina,College Stats
188,6,184,MIN,Vederian Lowe,OL,23,2023,0,0,0,3,0,15,0,0,0,0,0,0,0,0,0,0,0,,,,Illinois,College Stats
189,6,185,BUF,Christian Benford,DB,21,2023,0,0,0,7,7,24,0,0,0,0,0,0,0,0,0,0,0,60,3,,Villanova,
190,6,186,CHI,Zachary Thomas,OL,24,2023,0,0,0,0,,3,0,0,0,0,0,0,0,0,0,0,0,,,,San Diego St.,College Stats
191,6,187,SFO,Nick Zakelj,OL,23,2023,0,0,0,0,0,9,0,0,0,0,0,0,0,0,0,0,0,,,,Fordham,
192,6,188,DET,Malcolm Rodriguez,LB,23,2023,0,0,1,8,8,33,0,0,0,0,0,0,0,0,1,6,0,75,,1.0,Oklahoma St.,College Stats
193,6,189,CAR,Amare Barno,DE,23,2023,0,0,0,2,2,24,0,0,0,0,0,0,0,0,0,0,0,21,,2.0,Virginia Tech,College Stats
194,6,190,ATL,Justin Shaffer,OL,24,,0,0,0,,,,,,,,,,,,,,,,,,Georgia,College Stats
195,6,191,MIN,Jalen Nailor,WR,23,2023,0,0,0,1,1,21,0,0,0,0,0,0,0,0,12,208,1,4,,,Michigan St.,College Stats
196,6,192,IND,Andrew Ogletree,TE,24,2023,0,0,0,1,1,12,0,0,0,0,0,0,0,0,9,147,2,3,,,Youngstown St.,
197,6,193,DAL,Devin Harper,LB,24,2023,0,0,0,0,0,12,0,0,0,0,0,0,0,0,0,0,0,4,,,Oklahoma St.,College Stats
198,6,194,NOR,Jordan Jackson,DT,24,,0,0,0,,,,,,,,,,,,,,,,,,Air Force,College Stats
199,6,195,LAC,Jamaree Salyer,OL,22,2023,0,0,1,14,14,34,0,0,0,0,0,0,0,0,0,0,0,,,,Georgia,College Stats
200,6,196,BAL,Tyler Badie,RB,22,2022,0,0,0,0,,1,0,0,0,0,0,1,0,0,1,24,1,,,,Missouri,College Stats
201,6,197,JAX,Gregory Junior,CB,23,2023,0,0,0,1,1,10,0,0,0,0,0,0,0,0,0,0,0,11,,,Ouachita Baptist,
202,6,198,PHI,Grant Calcaterra,TE,23,2023,0,0,0,1,1,30,0,0,0,0,0,0,0,0,9,120,0,,,,SMU,College Stats
203,6,199,CAR,Cade Mays,OL,23,2023,0,0,0,3,3,27,0,0,0,0,0,0,0,0,0,0,0,,,,Tennessee,College Stats
204,6,200,NWE,Sam Roberts,DE,24,2023,0,0,0,1,1,12,0,0,0,0,0,0,0,0,0,0,0,3,,,NW Missouri St.,
205,6,201,ARI,Keaontay Ingram,RB,22,2023,0,0,0,2,2,20,0,0,0,0,0,62,134,1,8,47,0,1,,,USC,College Stats
206,6,202,CLE,Michael Woods II,WR,22,2022,0,0,0,0,0,10,0,0,0,0,0,1,-5,0,5,45,0,1,,,Oklahoma,College Stats
207,6,203,CHI,Trestan Ebner,RB,23,2022,0,0,0,0,0,17,0,0,0,0,0,24,54,0,2,8,0,3,,,Baylor,College Stats
208,6,204,TEN,Theo Jackson,DB,23,2023,0,0,0,2,,26,0,0,0,0,0,0,0,0,0,0,0,18,1,,Tennessee,College Stats
209,6,205,HOU,Austin Deculus,T,23,2023,0,0,0,1,1,12,0,0,0,0,0,0,0,0,0,0,0,,,,LSU,College Stats
210,6,206,DEN,Matt Henningsen,DE,23,2023,0,0,0,2,2,34,0,0,0,0,0,0,0,0,0,0,0,18,,1.0,Wisconsin,College Stats
211,6,207,CHI,Doug Kramer,OL,24,2023,0,0,0,0,0,2,0,0,0,0,0,0,0,0,0,0,0,,,,Illinois,College Stats
212,6,208,PIT,Connor Heyward,TE,23,2023,0,0,0,2,2,34,0,1,0,0,0,3,27,0,35,318,1,4,,,Michigan St.,College Stats
213,6,209,BUF,Luke Tenuta,OL,23,2022,0,0,0,0,,3,0,0,0,0,0,0,0,0,0,0,0,,,,Virginia Tech,College Stats
214,6,210,NWE,Chasen Hines,G,22,,0,0,0,,,,,,,,,,,,,,,,,,LSU,College Stats
215,6,211,LAR,Quentin Lake,DB,23,2023,0,0,0,2,2,23,0,0,0,0,0,0,0,0,0,0,0,50,,1.0,UCLA,College Stats
216,6,212,LAR,Derion Kendrick,DB,22,2023,0,0,0,6,6,32,0,0,0,0,0,0,0,0,0,0,0,77,1,,Georgia,College Stats
217,6,213,ATL,John FitzPatrick,TE,22,2023,0,0,0,0,0,9,0,0,0,0,0,0,0,0,1,12,0,3,,,Georgia,College Stats
218,6,214,LAC,Ja'Sir Taylor,DB,23,2023,0,0,0,5,5,33,0,0,0,0,0,0,0,0,0,0,0,38,1,,Wake Forest,College Stats
219,6,215,ARI,Lecitus Smith,OL,24,2022,0,0,0,1,1,10,0,0,0,0,0,0,0,0,0,0,0,,,,Virginia Tech,College Stats
220,6,216,IND,Curtis Brooks,DT,24,,0,0,0,,,,,,,,,,,,,,,,,,Cincinnati,College Stats
221,6,217,DET,James Houston,LB,23,2023,0,0,0,2,2,9,0,0,0,0,0,0,0,0,0,0,0,12,,8.0,Jackson St.,
222,6,218,TAM,Ko Kieft,TE,24,2023,0,0,1,1,1,33,0,0,0,0,0,0,0,0,8,82,2,11,,,Minnesota,College Stats
223,6,219,TEN,Chance Campbell,LB,22,2023,0,0,0,0,0,4,0,0,0,0,0,0,0,0,0,0,0,1,,,Mississippi,College Stats
224,6,220,SFO,Kalia Davis,DT,23,2023,0,0,0,0,0,3,0,0,0,0,0,0,0,0,0,0,0,1,,1.0,Central Florida,College Stats
225,6,221,SFO,Tariq Castro-Fields,CB,23,2023,0,0,0,1,,10,0,0,0,0,0,0,0,0,0,0,0,3,,,Penn St.,College Stats
226,Rnd,Pick,Tm,Player,Pos,Age,To,AP1,PB,St,wAV,DrAV,G,Cmp,Att,Yds,TD,Int,Att,Yds,TD,Rec,Yds,TD,Solo,Int,Sk,College/Univ,
227,7,222,JAX,Montaric Brown,DB,23,2023,0,0,0,3,3,20,0,0,0,0,0,0,0,0,0,0,0,29,,,Arkansas,College Stats
228,7,223,CLE,Isaiah Thomas,DE,23,2022,0,0,0,1,1,10,0,0,0,0,0,0,0,0,0,0,0,4,,1.0,Oklahoma,College Stats
229,7,224,MIA,Cameron Goode,OLB,24,2023,0,0,0,1,1,17,0,0,0,0,0,0,0,0,0,0,0,3,,,California,College Stats
230,7,225,PIT,Mark Robinson,LB,23,2023,0,0,0,3,3,21,0,0,0,0,0,0,0,0,0,0,0,25,,1.0,Mississippi,College Stats
231,7,226,CHI,Ja'Tyre Carter,OL,23,2023,0,0,0,2,2,13,0,0,0,0,0,0,0,0,0,0,0,,,,Southern,
232,7,227,MIN,Nick Muse,TE,23,2023,0,0,0,0,0,12,0,0,0,0,0,0,0,0,1,22,0,,,,South Carolina,College Stats
233,7,228,GNB,Tariq Carpenter,DB,23,2023,0,0,0,1,1,17,0,0,0,0,0,0,0,0,0,0,0,7,,,Georgia Tech,College Stats
234,7,229,SEA,Bo Melton,WR,23,2023,0,0,0,2,,5,0,0,0,0,0,3,21,0,16,218,1,1,,,Rutgers,College Stats
235,7,230,WAS,Chris Paul,OL,23,2023,0,0,0,3,3,11,0,0,0,0,0,0,0,0,0,0,0,,,,Tulsa,College Stats
236,7,231,BUF,Baylon Spector,LB,23,2023,0,0,0,2,2,15,0,0,0,0,0,0,0,0,0,0,0,8,,,Clemson,College Stats
237,7,232,DEN,Faion Hicks,CB,24,2022,0,0,0,0,0,2,0,0,0,0,0,0,0,0,0,0,0,,,,Wisconsin,College Stats
238,7,233,SEA,Dareke Young,WR,23,2023,0,0,0,0,0,19,0,0,0,0,0,0,0,0,2,24,0,6,,,Lenoir-Rhyne,
239,7,234,GNB,Jonathan Ford,DT,23,,0,0,0,,,,,,,,,,,,,,,,,,Miami (FL),College Stats
240,7,235,LAR,Daniel Hardy,LB,23,2022,0,0,0,0,0,6,0,0,0,0,0,0,0,0,0,0,0,,,,Montana St.,
241,7,236,LAC,Deane Leonard,DB,22,2023,0,0,0,2,2,28,0,0,0,0,0,0,0,0,0,0,0,26,,,Mississippi,College Stats
242,7,237,DET,Chase Lucas,DB,25,2023,0,0,0,1,1,18,0,0,0,0,0,0,0,0,0,0,0,3,,,Arizona St.,College Stats
243,7,238,LVR,Thayer Munford,OL,22,2023,0,0,0,8,8,32,0,0,0,0,0,0,0,0,0,0,0,,,,Ohio St.,College Stats
244,7,239,IND,Rodney Thomas II,LB,24,2023,0,0,1,9,9,34,0,0,0,0,0,0,0,0,0,0,0,64,6,,Yale,
245,7,240,WAS,Christian Holmes,CB,24,2023,0,0,0,3,3,30,0,0,0,0,0,0,0,0,0,0,0,11,,,Oklahoma St.,College Stats
246,7,241,PIT,Chris Oladokun,QB,25,,0,0,0,,,,,,,,,,,,,,,,,,South Dakota St.,
247,7,242,CAR,Kalon Barnes,CB,23,2022,0,0,0,0,,2,0,0,0,0,0,0,0,0,0,0,0,,,,Baylor,College Stats
248,7,243,KAN,Jaylen Watson,DB,23,2023,0,0,0,5,5,32,0,0,0,0,0,0,0,0,0,0,0,65,1,2.0,Washington St.,College Stats
249,7,244,ARI,Christian Matthew,DB,25,2023,0,0,0,2,2,20,0,0,0,0,0,0,0,0,0,0,0,13,,,Valdosta St.,
250,7,245,NWE,Andrew Stueber,OL,23,,0,0,0,,,,,,,,,,,,,,,,,,Michigan,College Stats
251,7,246,CLE,Dawson Deaton,OL,23,,0,0,0,,,,,,,,,,,,,,,,,,Texas Tech,College Stats
252,7,247,MIA,Skylar Thompson,QB,25,2022,0,0,0,2,2,7,60,105,534,1,3,14,21,0,0,0,0,,,,Kansas St.,College Stats
253,7,248,TAM,Andre Anthony,DE,25,,0,0,0,,,,,,,,,,,,,,,,,,LSU,College Stats
254,7,249,GNB,Rasheed Walker,OL,22,2023,0,0,0,10,10,18,0,0,0,0,0,0,0,0,0,0,0,,,,Penn St.,College Stats
255,7,250,LVR,Brittain Brown,RB,24,2022,0,0,0,0,0,6,0,0,0,0,0,0,0,0,0,0,0,,,,UCLA,College Stats
256,7,251,KAN,Isiah Pacheco,RB,23,2023,0,0,1,15,15,31,0,0,0,0,0,375,1765,12,57,374,2,2,,,Rutgers,College Stats
257,7,252,CIN,Jeff Gunter,OLB,23,2022,0,0,0,1,1,10,0,0,0,0,0,0,0,0,0,0,0,,,,Coastal Carolina,College Stats
258,7,253,LAR,Russ Yeast,DB,23,2023,0,0,0,4,4,32,0,0,0,0,0,0,0,0,0,0,0,53,,,Kansas St.,College Stats
259,7,254,CHI,Elijah Hicks,S,22,2023,0,0,0,4,4,32,0,0,0,0,0,0,0,0,0,0,0,35,,,California,College Stats
260,7,255,CHI,Trenton Gill,P,23,2023,0,0,1,4,4,34,0,0,0,0,0,0,0,0,0,0,0,1,,,North Carolina St.,College Stats
261,7,256,ARI,Jesse Luketa,LB,23,2023,0,0,0,1,1,21,0,0,0,0,0,0,0,0,0,0,0,7,,,Penn St.,College Stats
262,7,257,ARI,Marquis Hayes,OL,23,,0,0,0,,,,,,,,,,,,,,,,,,Oklahoma,College Stats
263,7,258,GNB,Samori Toure,WR,24,2023,0,0,0,2,2,22,0,0,0,0,0,0,0,0,13,160,1,,,,Nebraska,College Stats
264,7,259,KAN,Nazeeh Johnson,S,24,2022,0,0,0,1,1,11,0,0,0,0,0,0,0,0,0,0,0,5,,,Marshall,College Stats
265,7,260,LAC,Zander Horvath,RB,23,2022,0,0,0,0,0,15,0,0,0,0,0,4,8,0,5,8,2,1,,,Purdue,College Stats
266,7,261,LAR,AJ Arcuri,OT,25,2022,0,0,0,1,1,8,0,0,0,0,0,0,0,0,0,0,0,,,,Michigan St.,College Stats
267,7,262,SFO,Brock Purdy,QB,22,2023,0,1,0,24,24,25,422,614,5654,44,15,61,157,3,0,0,0,,,,Iowa St.,College Stats
